{
    "Harvard University": 237.76412907378838,
    "Boston University": 209.23243358493377,
    "Yale University": 237.76412907378838,
    "Boston College": 218.7429987478853,
    "Brown University": 237.76412907378838,
    "Massachusetts Institute of Technology": 237.76412907378838,
    "Northeastern University": 166.43489035165186,
    "Dartmouth College": 237.76412907378838,
    "Quinnipiac University": 129.3436862161409,
    "Tufts University": 237.76412907378838,
    "Rhode Island School of Design": 176.89651203089852,
    "Emerson College": 95.10565162951535,
    "Babson College": 174.0433424820131,
    "Amherst College": 237.76412907378838,
    "Bentley University": 151.2179860909294,
    "Brandeis University": 176.42098377275096,
    "Williams College": 237.76412907378838,
    "Providence College": 145.03611873501092,
    "Dean College": 17.119017293312766,
    "Wesleyan University": 228.25356391083685,
    "Fairfield University": 129.3436862161409,
    "Colby College": 237.76412907378838,
    "Wellesley College": 237.76412907378838,
    "Middlebury College": 237.76412907378838,
    "Endicott College": 82.74191691767835,
    "Bryant University": 120.7841775694845,
    "University of New Haven": 44.69965626587222,
    "Salve Regina University": 102.71410375987658,
    "Suffolk University": 85.59508646656381,
    "Curry College": 84.64402995026866,
    "Trinity College": 218.7429987478853,
    "University of Hartford": 122.21076234392723,
    "Norwich University": 97.00776466210566,
    "Wentworth Institute of Technology": 89.39931253174443,
    "Bowdoin College": 237.76412907378838,
    "Clark University": 167.385946867947,
    "Roger Williams University": 91.30142556433474,
    "Smith College": 209.23243358493377,
    "Springfield College": 123.16181886022237,
    "Emmanuel College": 91.30142556433474,
    "Western New England University": 103.18963201802416,
    "American International College": 14.74137600257488,
    "Mount Holyoke College": 201.14845319642495,
    "College of the Holy Cross": 201.14845319642495,
    "Champlain College": 102.238575501729,
    "Saint Anselm College": 109.37149937394265,
    "Bates College": 237.76412907378838,
    "Fisher College": 40.41990194254402,
    "University of New England": 39.94437368439645,
    "Lesley University": 38.04226065180614,
    "University of Bridgeport": 15.692432518870032,
    "Lasell College": 77.03557781990743,
    "Connecticut College": 192.5889445497686,
    "Albertus Magnus College": 17.119017293312766,
    "Eastern Nazarene College": 79.88874736879289,
    "Bennington College": 142.18294918612546,
    "Franklin Pierce University": 33.762506328477954,
    "College of Our Lady of the Elms": 116.5044232461563
}